"critic_author","alpha_mean","bias_mean"
"Joe Morgenstern",3.239095630359,0.516677322302014
"Justin Chang",2.48052621511777,-4.47327567436619
"Ann Hornaday",2.38559795902228,4.68824973165147
"Stephen Holden",2.34950978439635,-4.41052642132714
"Jeannette Catsoulis",2.31659667414284,-3.84223942601193
"Kenneth Turan",2.21578318093814,0.614440353228029
"Peter Travers",2.15135982996394,-4.9695202399752
"Manohla Dargis",2.13433053096876,-5.29867336164171
"A.O. Scott",2.10250038761105,-1.05637395180152
"Steve Macfarlane",1.95946862134782,-0.471383660543799
"Lou Lumenick",1.90794296230397,-9.29453742832226
"Jen Chaney",1.90329684015967,1.27906105825806
"Scott Tobias",1.89337874707642,-0.117855859104175
"Andrew O'Hehir",1.86267993408587,-1.33144741211958
"Kimberley Jones",1.83229513392372,-2.20168197601573
"Geoff Berkshire",1.83144612003105,-3.43215518048413
"Marc Savlov",1.82823893383797,-3.8027786493485
"Brian Tallerico",1.81284918399793,0.591164544613915
"Nathan Rabin",1.80741050288707,-10.4846909548188
"Bilge Ebiri",1.80536204763673,-3.77655461309397
"Jonathan Kiefer",1.79683918443851,2.04406011566228
"David Rooney",1.76291535716083,-2.3446189169929
"Dana Stevens",1.72944941607919,7.0506950635495
"Ty Burr",1.70733871787947,-1.09413805749148
"David Edelstein",1.69839262996183,7.00219759584773
"Joshua Rothkopf",1.69722948706108,2.63471549658933
"Oliver Lyttelton",1.6959337814035,-2.73404302362024
"Kiva Reardon",1.67799522682296,-5.54854949045117
"Daniel Green",1.65355484453149,-2.23213523582021
"Bob Mondello",1.64065817169772,6.95297078152556
"Sam Weisberg",1.63961971666885,0.871716888835539
"Drew McWeeny",1.63821518061644,-7.1788235421689
"Scott Foundas",1.63795923676546,0.219053175277581
"Dennis Harvey",1.61057455340627,-2.935061108041
"Inkoo Kang",1.60413455194295,-6.29598134868717
"Robert Abele",1.60223687257184,-4.07107153994278
"Andrew Barker",1.5943737237643,-4.69991125913581
"Nicolas Rapold",1.58355991798318,-2.11886228484914
"Maggie Wrobel",1.57377597846477,3.0174468836538
"Alan Scherstuhl",1.56566146448269,0.381224554006707
"Richard Roeper",1.55303083551692,-7.78806168648702
"Chuck Bowen",1.5528082705471,-2.46999332794845
"Godfrey Cheshire",1.53627674890077,-4.05590063237938
"Diego Semerene",1.53275256357091,1.28802464545725
"Tomas Hachard",1.53232499532026,-3.51353451688123
"Charlie Schmidlin",1.53073819348427,-2.08251257402648
"Noel Murray",1.49430076286653,0.198686118046952
"Elizabeth Weitzman",1.44257034482784,-0.770249515825229
"Diana Clarke",1.43372655163822,2.80570038877036
"Guy Lodge",1.41656020829548,-4.71858801421953
"Sheila O'Malley",1.41379967451698,2.73914620383014
"Josh Kupecki",1.41344176287067,-2.25852854345127
"Daphne Howland",1.4113649576595,0.826991370037071
"Liam Lacey",1.39821948682052,-3.39423631767322
"Peter Sobczynski",1.39586916196675,-4.60187347664323
"Ed Gonzalez",1.38990011961807,-8.793059934813
"Catherine Shoard",1.371591119026,-2.27506276595222
"Christopher Grey",1.36741250241126,2.87881066388916
"Glenn Heath Jr.",1.36564637148537,3.86109212458506
"Joe Neumaier",1.35925997633238,-6.59548003161136
"Michael Phillips",1.34619128849823,-2.18850954075362
"Stephanie Zacharek",1.34557723935432,3.07769185560871
"Betsy Sharkey",1.3455762040428,1.04634201069359
"Clayton Dillard",1.34168735070568,-2.79039188410644
"Ernest Hardy",1.34129909072942,0.138444200558021
"Michael Roffman",1.33832186274694,2.78566428080021
"Tom Huddleston",1.33735744509734,-2.53710903347679
"Catherine Bray",1.33022389451575,-0.518149225622911
"Chris Nashawaty",1.32770979243537,-4.4337500119877
"Matthew Dessem",1.32595373663474,1.59875049025269
"Tim Robey",1.32567889210669,-4.76729001355204
"Rebecca Hawkes",1.32475702882212,-1.6777343215498
"Dan Fainaru",1.32471628816212,1.35595838603843
"Christy Lemire",1.32333503443105,-5.34479977311479
"Sara Stewart",1.32324950762413,-5.94404749370963
"Susan Wloszczyna",1.313054757569,-10.3483400698476
"Alex McCown",1.31274325892061,6.0056408448294
"Marjorie Baumgarten",1.3088277528213,-8.33055057039228
"Wes Greene",1.30345089254595,2.14275245072408
"Gabe Toro",1.29996777510698,-2.37110479613462
"David D'Arcy",1.29932263948493,4.64361764692515
"Duane Byrge",1.28547241240284,4.74783498482582
"Rob Staeger",1.28540570875328,-2.94031675540587
"Alonso Duralde",1.28535129722506,-6.63774152225925
"Ed Frankl",1.28377574514423,1.22554905785808
"Mark Olsen",1.28343639992038,-5.01483472507494
"Eric Kohn",1.28328741073564,5.51917900729366
"John Anderson",1.2829023311511,-0.821939132454367
"Stephen Whitty",1.2815600684781,-0.290120938702298
"Michael Nordine",1.27548985976591,-1.41751327846746
"Robbie Collin",1.27441916019717,-2.92243706896141
"Allie Gemmill",1.27379512079552,3.53628037691121
"Daniel M. Gold",1.2705099776782,-3.55422465748207
"Michael O'Sullivan",1.26709855471458,0.827304737251596
"A.A. Dowd",1.26421287580358,-3.63278139369974
"Bill Goodykoontz",1.26396762407159,2.69306105999593
"Gary Goldstein",1.25843756208984,-10.4359420979775
"Leslie Felperin",1.25384506301426,0.140478896047525
"Brian Moylan",1.25254101907289,4.53648857155515
"Peter Bradshaw",1.25156745839232,-3.95965934988071
"Roy Graham",1.25074525444257,0.64131970901759
"Jake Cole",1.24462471943639,0.124687687296671
"Nathalie Atkinson",1.24364113005995,2.35248842191968
"Pablo Villaca",1.2419049652394,-1.88151729371768
"Harry Windsor",1.24034817713699,-0.677214561563829
"Stephanie Merry",1.2323734030258,0.118107077509711
"Dominick Suzanne-Mayer",1.22758754390639,-0.780366275564952
"Kate Erbland",1.22698988887064,-3.0195580847107
"Martin Tsai",1.22659144498616,-6.60321887467729
"Odie Henderson",1.22614632395935,2.8782182099986
"Chris Cabin",1.22541743697152,0.934029321765779
"Kenji Fujishima",1.22418766406085,2.02544760753845
"Stacey May Fowles",1.22225733813387,-0.747538641007677
"Sandie Angulo Chen",1.22139024603963,2.94273380861779
"Keith Uhlich",1.2211504431999,-5.65658532422209
"Alissa Simon",1.22005657030103,1.24653014449402
"Pablo Villaça",1.21393500167167,2.32066710600024
"Matt Glasby",1.21202075883215,1.43357397925373
"Justin Gerber",1.21024618061653,1.37759965257161
"Mike D'Angelo",1.21003656153394,-4.99230557734635
"Maya Stanton",1.20835245202332,-0.447419696313535
"Scout Tafoya",1.20823954725345,2.17824853207635
"Jonathan Romney",1.20779553465819,-2.12594397695526
"Tim Appelo",1.20692021971469,2.65095277108504
"Genevieve Koski",1.20564674519812,2.38227032710589
"Damon Wise",1.20495305856019,3.73736414501592
"Michael Pattison",1.20433175358461,-0.447743338028949
"Simon Abrams",1.20159981215739,-7.56991766626549
"Craig Williams",1.20083994693729,2.65722069395285
"Mike Hale",1.19845753047265,0.0698389723349575
"Timothy E. Raw",1.19621005624623,3.34222074803702
"Louis Black",1.1935407478929,0.475780063508412
"Michael Atkinson",1.19342932689828,7.20765770211136
"Alex Dudok De Wit",1.19304218975236,3.1567034353414
"Alex Dudok de Wit",1.19195002160336,3.11426463661892
"Moira Macdonald",1.19121550190168,1.98561100439748
"Jason Heller",1.1900361919636,2.62765766024751
"Brad Wheeler",1.18582975625438,-1.62966904099456
"James Rocchi",1.18508878679977,-6.65259178397471
"Howard Cohen",1.18261702894706,2.3267649611898
"Sarah Kurchak",1.18166994947201,3.07205129606785
"Dan Callahan",1.18084600256898,-1.60270709061374
"Phillip Kemp",1.18072714748952,2.16851923076194
"Julian Carrington",1.17971603950976,0.140837314357694
"Sam C. Mac",1.17927974652831,1.1713644853618
"Ronnie Scheib",1.17841879328753,6.04764759520032
"Jacob Hall",1.17728533483872,1.61854373960242
"John Bleasdale",1.1771863735157,5.76221575245153
"Daisy Bowie-Sell",1.17634240836851,1.40968254257781
"Tom Russo",1.17560155602573,-10.7490973999678
"Eddie Goldberger",1.17523354663236,-4.201532534978
"Molly Eichel",1.17511478281232,2.47250996175901
"Emma Dibdin",1.1734608989651,2.41724316203243
"Kate Stables",1.17339280656405,1.73728828659861
"Tom Dawson",1.17336671213912,2.90003142969079
"Charlie Lyne",1.17134188808194,1.95758583200926
"Pete Vonder Haar",1.17058874420738,2.5361455824545
"Gwen Ihnat",1.16713168070931,1.94448472277487
"Seth Stevenson",1.16663205707497,0.198856453271207
"John Williams",1.16503106641394,-0.196656742510053
"Mike Laws",1.16339886962418,0.05541610354498
"Violet Lucca",1.16254905472632,2.12600866123436
"Ethan Vestby",1.16159433880987,3.70340664744373
"Loren King",1.16063245079833,0.254431612143537
"Kyle Ryan",1.16003311524486,2.06354439880141
"Deborah Day",1.1572513286166,0.720094983388164
"Emma Morgan",1.15678279110019,1.06636609456457
"Stephen Farber",1.15634627629181,-3.05098131862964
"Peter Hartlaub",1.15579838886958,-0.219897418307987
"Andy Webster",1.15577439852778,-2.48127351681626
"Jay Weissberg",1.15560560257415,-0.937292876272471
"Randall Colburn",1.15555188141407,4.04674785911222
"Ali Plumb",1.15397720388305,-2.96398133917871
"Alex Abad-Santos",1.15394072651195,2.08803961621031
"Jason Clark",1.15210431958768,1.5638781551758
"Lisa Marsh",1.15086933590296,0.779159045752736
"Rob Kemp",1.14917116058315,2.17961910883513
"Robert Koehler",1.14820388790659,2.88120285763333
"Marsha Lederman",1.14658632761943,2.15453098524675
"Esther Zuckerman",1.14640584635435,1.57915267300507
"Julia Alexander",1.14538967299266,-1.7505970185959
"Jared Mobarak",1.14466876465257,1.32293912138098
"Glenn Whipp",1.14253597600293,0.760069281763462
"Josh Larsen",1.14170929323748,2.26863742551527
"Aisha Harris",1.14046469128317,2.04732409072543
"E. Oliver Whitney",1.14010747940627,0.319759348109367
"Dan Kois",1.1400911942049,1.90144553116211
"Collin Brennan",1.1396833609094,2.20442923103424
"Patrick Z. McGavin",1.13896866413801,1.37818132215536
"Kevin Jagernauth",1.13843452148713,-7.80704540976612
"Lisa Schwarzbaum",1.13760168770143,3.74503038297505
"Adam Nayman",1.13748047196128,-1.50875068641129
"Frank Scheck",1.13567595700315,-6.646554600874
"Vadim Rizov",1.13546473427595,-0.592613365875187
"Benjamin Mercer",1.1351968748626,-2.94348668590835
"David Wiegand",1.13501853067104,2.04744759497617
"Ian S. Port",1.13421902469783,-1.83768252625504
"Nicholas Laskin",1.13353086959084,2.20219780919937
"Nick de Semlyen",1.13213155130099,-1.17743244632804
"Tomris Laffly",1.13190049164714,2.14514012977819
"An Banh",1.13138257900392,1.84864505498576
"Zhuo-Ning Su",1.13118751984998,1.3634517543247
"Ken Guidry",1.13072739155399,-1.53139256024531
"Michael Rechtshaffen",1.1305936553259,-3.38618718303554
"Maggie Lee",1.12871284289306,0.928981443985133
"Andrew Pulver",1.12850669432403,3.27383966592969
"Amy Brady",1.1282704031375,1.71794276989242
"Joe Leydon",1.1271247719037,-3.35401093545443
"David Hiltbrand",1.12677123181094,-1.26861855157167
"Sharon O'Connell",1.12558125097877,0.586738362636173
"Zachary Wigon",1.12550021518796,-1.95323476364939
"Allison Shoemaker",1.12488090257275,0.858575608792324
"Melissa Magsaysay",1.1247114861225,1.70135519302705
"Justin Lowe",1.1236063016993,-4.31021568522218
"August Brown",1.12240462543409,1.91098859215805
"Ibad Shah",1.12205855795549,1.76257057872018
"Terri White",1.12118236589315,0.839007981628125
"Ben Walters",1.12089297399498,1.52220924779768
"Steve Davis",1.1190962752949,-4.27318512277369
"Sam Woolf",1.11677069857947,2.16400668644699
"Nathan Bartlebaugh",1.11673261363186,0.887288966258125
"Raffi Asdourian",1.11576433977776,1.61107189740639
"Ella Taylor",1.1148058552646,4.26739512203725
"Nigel M Smith",1.11464415822554,0.738890589991892
"Kyle Smith",1.1145550087955,-13.7895011704625
"Mark Kermode",1.11447089471895,1.52000790850417
"Tara Brady",1.11387486648014,1.50140024527428
"James Adams",1.1134634852846,1.68785408478272
"Richard Lawson",1.113152588576,2.22348224003061
"Kaleem Aftab",1.1129106406788,-0.692765589585496
"Janice Page",1.11256640473313,1.88739501626933
"Patrick Smith",1.11164357667322,2.13171044851912
"Dana Rose Falcone",1.11108461050663,1.3220598853984
"Liz Beardsworth",1.11066893614875,1.22543667216767
"Wendy Idle",1.10940605540029,0.794737421534485
"Donnell Alexander",1.10924998761554,1.22325200847133
"Craig J. Clark",1.10860576676391,-0.0214541372729499
"Ellen Dunkel",1.10841644765052,1.0444712088753
"Matt Looker",1.10832881213439,1.79205352583004
"Christopher Tarantino",1.1082911182686,1.10398140837152
"Geoff Andrew",1.10772035278234,1.71344038382828
"Ethan Sacks",1.10689722010233,1.35798966041725
"Michael Burgin",1.10629852975842,0.964872100242882
"Donald Clarke",1.10616152357534,1.54714346285128
"Olly Richards",1.10495618259674,1.93653551485227
"Ed Gibbs",1.10486447157162,1.48006606553586
"Keith Phipps",1.10480509773157,-5.27103938245691
"L.V. Anderson",1.10464662379561,0.921988767321804
"Sophie Harris",1.1043659761155,1.68009954237917
"Bill Stamets",1.10435122928854,2.01292985537009
"Christopher Orr",1.10417913640293,1.48806556357407
"Maximilian Von Thun",1.10390415057225,2.04881941676958
"Scott Davis",1.10368565158367,1.27239087809349
"Isaac Feldberg",1.10364644187592,1.32430782996003
"Lorraine Ali",1.10357727597255,1.33511656533781
"Chuck Wilson",1.10356386359599,-2.73169958007607
"Paul Bradshaw",1.10328127399078,-2.73104562293215
"John Hartl",1.1031610326609,1.44651259364778
"Johanna Schneller",1.10302657064897,1.57421217254964
"Phil Concannon",1.10300800544049,1.44256230101777
"Jordan Farley",1.10287721960119,1.53071657681446
"Isaac Chotiner",1.1018839746363,1.53100779105813
"Bryan Bishop",1.10156056500949,1.37805511622161
"Jody Mitori",1.10129725687449,1.0119370929841
"Katy Waldman",1.10088339758934,1.4254885282507
"Paul MacInnes",1.10022027411503,1.02387134113045
"Simon Kinnear",1.09964854118564,-0.533440733857004
"Abhimanyu Das",1.09889281101615,0.299372157977924
"Lisa Wong Macabasco",1.0986411942897,1.52922857975654
"Charlie Phillips",1.09862155018839,1.52741501196223
"David Sugarman",1.09847819543794,1.16198077733145
"Carl Wilson",1.09757489644992,1.40473438467263
"Will Lawrence",1.09729244247564,1.40393077073612
"Ryan Gilbey",1.09718305417976,1.33769936077117
"Erik Adams",1.09707329632376,2.31935269228678
"Nick Newman",1.09529109172879,1.61665873991117
"Edward Frost",1.0951774693895,0.735282388943736
"Mark Asch",1.09485818848007,-0.451301587298707
"Haley Goldberg",1.09453277890046,1.83072460256552
"Pat Padua",1.09452858847138,1.1961806251279
"Giovanni Marchini Camia",1.09421256167367,2.25567729410165
"Melissa Maerz",1.09387876972768,1.89613216940697
"Meghan Daum",1.09383404163132,0.416739426664063
"Eric Eidelstein",1.09376127631249,2.16855585349629
"June Thomas",1.09326175624938,1.79538757205222
"Calum Marsh",1.0928559687844,2.3726624699295
"Christopher Borrelli",1.09234677628616,1.31776951218064
"Jay Cridlin",1.09106344951647,1.1619706952752
"Jon Caramanica",1.09030270667712,2.1283430042634
"Martha Schabas",1.08990988658797,1.12537221195742
"Rosie Fletcher",1.08985671869993,1.45345922301225
"Peter Hall",1.08964639512606,0.684914247325078
"Tom Keogh",1.08942517563367,2.15543129173188
"Rob James",1.08913891231383,3.51929047693851
"Andrew Lowry",1.08780173460013,0.849399817342324
"Roger Moore",1.08771083994876,-7.75512882522126
"John Swansburg",1.08714899700953,1.20085510221388
"Henry Barnes",1.08670768601991,-3.24398434154072
"Sam Lubell",1.08660621268276,2.20250871274343
"Simon Houpt",1.08652330552314,1.26421473040625
"Mary Pols",1.08514467127325,1.85319054603866
"Steve Smith",1.08490237587054,2.66177787922345
"Isabella Biedenharn",1.0844382952771,0.153253485764867
"Courtney Shea",1.08375525676011,0.424734233918072
"Josh Winning",1.08312230067227,-0.273031753548063
"Ken McIntyre",1.08259243034751,0.349315420164987
"Alex Needham",1.08240097233925,2.62777052946388
"Nicole Herrington",1.08237473731986,0.143232018611737
"Blake Goble",1.08202017982103,-0.170075182857658
"Mark Adams",1.08184962517296,3.53038990231294
"Chris Willman",1.08152710859094,0.690065775752149
"Peter Debruge",1.07962070414103,-3.31295946896677
"Tom Graham",1.0791094061373,2.26720886733257
"Anita Gates",1.079056527841,1.20755268208507
"Eric Henderson",1.07889451948649,-2.30878127261788
"Harriet Warman",1.07789403722299,2.4268765407472
"Anthony Lane",1.07767069761667,6.69399019826766
"Jordan Adcock",1.07644531159163,-0.651209573172554
"Glenn Kenny",1.07492281113429,-6.40811427777609
"Steve Erickson",1.07474640380999,1.26573518929413
"Barry Hertz",1.0742638628582,2.13284452908428
"Allan Hunter",1.07363587135894,1.52158885363178
"Gary M. Kramer",1.07267944825487,0.479420871444539
"John DeFore",1.0712950659448,-4.99528792581268
"Kat Poole",1.07020417053829,2.53738994973347
"Kate Taylor",1.06928114194282,2.98475267179733
"Darren Franich",1.0687186700213,1.30572905621127
"Kyle Burton",1.06840479281239,1.3913289975072
"Sarah Bryan Miller",1.06814327945808,1.33815761320205
"Charles Taylor",1.06758193805579,1.05144638611406
"Clint Worthington",1.06586426913659,0.591970024464882
"Emily VanDerWerff",1.06525608576153,0.753757766474489
"Gail Pennington",1.06432702369695,0.702209697172324
"Travis Clark",1.06374738117429,0.735065815746391
"Amber Wilkinson",1.06220121139837,0.992119545154177
"Joe Dziemianowicz",1.06198382751136,0.903041156719726
"Jonathan Dornbush",1.0615244983128,1.03514121434483
"Jamie Neish",1.06130908236828,0.90840772922162
"Nick Schager",1.0611350382628,-4.68981017007609
"Jim Farber",1.06112290539497,0.22749281522611
"Matt Singer",1.06106362965304,2.43531066489729
"David Ehrlich",1.0607828998315,-1.06912608243696
"Rob Nelson",1.06005353737453,5.85935856519897
"Mark Feeney",1.05801397044059,1.8663129440421
"Emma Myers",1.05704487973818,1.02685196450167
"Ashley Clark",1.05536688171442,-5.07969907432571
"Grant Butler",1.05519369007488,1.65819221188764
"Andrew Parker",1.05469079513937,-0.0165261847420813
"Budd Wilkins",1.05422946437385,1.00368268133243
"Jaime N. Christley",1.05357415432115,1.08378020154526
"Jason Gorber",1.0535588858818,1.12985937177627
"Rory O'Connor",1.05332929738336,3.06026042528157
"Sheri Linden",1.05172919709296,-1.37136763408754
"Adam Howard",1.05157625376429,0.924363068825013
"Geoff Pevere",1.05037703722019,1.57743793141232
"Jordan Hoffman",1.04916529548296,-3.52745162925392
"Michał Oleszczyk",1.04761059689139,0.912190457896122
"Nirpal Dhaliwal",1.04674102247852,3.61786447686633
"James White",1.04613547522978,0.472400042090283
"Lev Grossman",1.04576758083638,0.843582678644878
"Anisha Jhaveri",1.04430782119357,3.31280156727441
"Eddie Cockrell",1.04313157114208,-0.125800094303125
"Sharan Shetty",1.04268566865998,0.689104926015868
"Martyn Conterio",1.0425370543752,-3.50015879827133
"Scott Wold",1.04198945716924,0.364550808897264
"Christine Jun",1.04052015459141,0.666139791395551
"Caitlin Moore",1.04005155139883,0.766740318223238
"R. Kurt Osenlund",1.03984189681452,-0.327632655850447
"Sarah Ward",1.03903706365141,3.8903689393023
"Andrew Crump",1.03685883257932,0.892631393664617
"Adam Lowes",1.03676770225928,2.10074781096021
"Jordan Mintzer",1.03591895080728,-0.577973941235476
"Danny King",1.03575677395787,-1.52730905754008
"William Goss",1.03333831878864,-0.559660821751524
"Richard Scott Larson",1.03281446375725,-0.279056435501407
"Keith Staskiewicz",1.03232499892323,0.324333000292724
"Marsha McCreadie",1.03188391322748,-0.454064312067675
"Julia Cooper",1.03136810818214,0.289191981777861
"Ian Freer",1.03128095505512,-1.7928634572038
"Ali Catterall",1.03100612334933,-2.58573708205261
"Patrick Peters",1.03077825389626,5.10558861239827
"Tina Hassannia",1.02991287729518,2.5247840602078
"Ian Nathan",1.02969367920957,1.6475697889607
"Mick LaSalle",1.02823698685213,-5.38962980063852
"Katherine Pushkar",1.02802180017139,-3.58896821890789
"Jeff Baker",1.0278397964091,-1.06577459854554
"Phil Hoad",1.02657261805038,-1.10960740931747
"Manori Ravindran",1.02619930817127,0.74712960399915
"Christian Holub",1.02609982497426,2.20404448269676
"Phil de Semlyen",1.02588783991035,1.05523221752552
"Neil Young",1.02549130183073,-5.11623309343815
"Robert Lloyd",1.02463143206714,0.535023659688332
"Boyd van Hoeij",1.02258621869232,-1.51075996470925
"Richard Edwards",1.02037220661941,1.14373270545823
"Gary Thompson",1.01962747756172,2.84865313450788
"David Clack",1.01948783048035,0.766465960248524
"Zach Lewis",1.01831660820247,1.8126316164493
"Kevin Harley",1.0163945521702,-1.29502894783968
"Stephen Dalton",1.01523740357722,-2.64996029269819
"Isaac Guzmán",1.01504475056303,1.8232449543447
"Elise Nakhnikian",1.01417674388336,-0.255094719528693
"Rupert Hawksley",1.01409186941829,1.33968556802035
"Suzanne Condie Lambert",1.01398241954637,0.881627086178742
"Drew Hunt",1.0132541628124,1.06449380734892
"Sean Nam",1.01290188368787,0.946565314774079
"Anthony Kaufman",1.01091735219868,4.60622085326558
"Simon Braund",1.01075190492438,0.919332158319073
"Meredith Goldstein",1.00994270209181,0.514000604291987
"Kat Ward",1.0091583147523,0.196323404735311
"Rick Bentley",1.00867583172756,0.966467917523041
"Eric D. Snider",1.00727339745363,1.14266855200206
"Emily Buder",1.00604229560682,-0.280931605402987
"Oleg Ivanov",1.00538899691807,-1.44972130510769
"Omer M. Mozaffar",1.00275730485071,2.3372641161801
"Kevin P. Sullivan",1.00146628225161,-0.126243214518338
"Farran Smith Nehme",1.00098903267941,0.990178271689526
"Kevin B. Lee",1.00091311745031,0.819966930183826
"Mark Dujsik",1.00012106342684,-1.70512279033898
"Eva Salinas",0.998654226387494,0.65732329220382
"Jordan Riefe",0.998492927611702,0.880751612393677
"Steve Rubenstein",0.998431183755245,0.877409392701678
"Andrew Osmond",0.997983952593966,2.1152302934277
"Jon Frosch",0.997656344232855,-2.98458819503337
"Eve Barlow",0.995073118489934,0.477401812576538
"Scott Collura",0.993355955539918,0.826659503897634
"D.W. Mault",0.992147407600561,0.144941522286574
"Erik McClanahan",0.991640320091799,0.76583915074715
"Laura Beeston",0.990993012201731,0.149518913661138
"Aaron Hillis",0.990611150890157,-1.98838283942749
"Kayla S. Samoy",0.989829451576132,0.878975370327531
"Jamie Graham",0.988464303263165,2.74171382818821
"Cory Everett",0.986042290560443,-0.656843858242659
"Abbey Bender",0.98596811255831,-0.485061157532352
"Brian Lowry",0.985006326993969,0.618606957003721
"G. Allen Johnson",0.983049653464845,1.08791899132729
"Adam Smith",0.982969794280831,0.641161848544436
"Michael Ordoña",0.981785228459406,0.78659756337643
"Alan Ng",0.9810862628158,0.571417427356627
"Megan Lehmann",0.980736224123621,0.359143115153199
"Anna Smith",0.980482912326993,-0.892273233678108
"Frank Hatherley",0.978896158977368,0.424523380521336
"Chris Klimek",0.978834932829192,-1.81455579545902
"Trevor Johnston",0.978682971926851,-2.18693392514874
"James Luxford",0.978256476406641,-1.13110601599072
"Russ Fischer",0.977675517313343,-0.880107791391502
"Ken Jaworowski",0.977145432489702,-0.436380260826923
"Ethan Gilsdorf",0.974848057985463,1.41617395227843
"Michael Arbeiter",0.974149390068094,0.75010675236185
"Elizabeth Kerr",0.973579636063237,2.82216251026827
"Matt Anderson",0.97134875199915,4.27808187601754
"Jane Crowther",0.971147776696628,0.73790574882856
"Rene Rodriguez",0.970625767658227,1.34749744397172
"Michael Sragow",0.970503349522126,0.390759972968232
"Mike McCahill",0.970426707766017,-2.4722326787245
"Matt Maytum",0.969978770908173,-1.71547763782521
"David Parkinson",0.969596614285264,5.92116427010051
"Mary Houlihan",0.969191631761999,-0.234504948828663
"Andrew Lapin",0.969118590974719,2.7867322313075
"Leah Greenblatt",0.96901042221719,-3.87122649244349
"Deborah Young",0.968918802597949,2.15316326025361
"Dave White",0.968540094758541,0.198210811015125
"Jonathan Holland",0.967783504375521,-1.59684747056132
"Dan Jolin",0.967432099453767,-0.0400989454434378
"Owen Williams",0.964370345779792,-0.928014271714076
"Daniel Fienberg",0.96376568044581,-0.622693961147578
"Nick Prigge",0.963397975787176,-0.557127847100525
"Wendy Ide",0.963303125685471,-0.341765278296412
"Miriam Di Nunzio",0.962421025223555,3.22347627693385
"John Semley",0.95847401553267,-1.16931449585446
"Richard Corliss",0.957401834607362,-0.7819940751258
"Kat Halstead",0.957078109816271,0.580468861559526
"Vanessa H. Larson",0.957023648660259,0.341785389832417
"David Lewis",0.956482579679604,-4.21887408422594
"Laya Maheshwari",0.954010557659378,4.71003036671124
"Melissa Anderson",0.953834187461605,0.483155336751714
"Charles Bramesco",0.95319287389986,0.174389485842738
"Charles Gant",0.952226284670676,2.50262743873466
"Peter Keough",0.949394582938399,0.0412685468024674
"Simon Crook",0.948905870395996,0.396388961255498
"Bruce Ingram",0.948797716231594,2.34870320566326
"Xan Brooks",0.945364970129715,1.56203945789692
"Jordan Adler",0.945238133833192,-0.720896223608536
"Christopher Schobert",0.944787882624513,4.19090582735672
"Daniel Neman",0.942815828810119,-0.103725908356538
"Leba Hertz",0.93939347073192,1.00517568461921
"Allen Salkin",0.939094361533662,0.205340557864813
"Bill Edelstein",0.933006624835694,-4.22557599127393
"Richard Brody",0.932900734891839,6.49394192451858
"Ignatiy Vishnevetsky",0.929334531893165,-7.25774521142853
"Liz Shannon Miller",0.928505975226437,0.376130945074962
"Benjamin Lee",0.927310390939601,0.991250682902393
"Clark Collis",0.926857436091952,0.215992237296648
"James Marsh",0.921624213808307,-0.00424520248362714
"Matt Zoller Seitz",0.921164169341372,1.74586668712378
"Chris Hewitt",0.919531318585094,0.661676904580148
"Matt Brennan",0.918409334815069,0.26424716777957
"Mary Sollosi",0.913161126733739,0.0149203667051137
"Jesse Cataldo",0.912854236300663,-0.0799102858127876
"Gersh Kuntzman",0.91164446372943,1.93892922623121
"Kevin C. Johnson",0.908921166922727,-2.07897637020688
"Stephen Witty",0.905960537234636,3.08356976809372
"Lee Marshall",0.904800042149444,0.820289234764171
"Angie Errigo",0.903563208281433,-2.63316579655401
"Zach Hollwedel",0.901740142585575,-0.078507312086555
"Fionnuala Halligan",0.900256041875633,-2.41763962649742
"Tasha Robinson",0.899764057566835,1.10897862668261
"Philip Kemp",0.896007092829641,2.47248253712988
"Ryan Lattanzio",0.895111981397745,0.566772592511243
"Mark Jenkins",0.894733936177832,2.66791978178003
"Jeremy Polacek",0.894544478922197,3.06215776541332
"Nikola Grozdanovic",0.894487234865452,1.3425053938037
"Connie Ogle",0.891651510255172,-1.68336374840225
"Rebecca Keegan",0.89030559545708,2.18177254579523
"Sherilyn Connelly",0.889848167800148,-2.59923179639384
"Abby Garnett",0.887985869648451,1.29077415542865
"Claudia Puig",0.886318866774491,-8.09882875211834
"Brian Truitt",0.886222345259324,-2.88253708384619
"Dan Gvozden",0.885561603111104,-3.11957690840825
"Tom Grater",0.883519926324184,-0.13444583526097
"Chris Packham",0.879750396661912,-1.23377315725718
"Richard Kuipers",0.879176570171911,1.78600404532539
"Todd McCarthy",0.87603042670983,0.688880214131424
"Devan Coggan",0.874621512329503,-4.45949708548272
"Neil Genzlinger",0.87388212019102,-3.05601402076405
"Meave Gallagher",0.873500424906584,-2.13084921124099
"Matthew Anderson",0.870544778258302,2.57965693471885
"David Hughes",0.87033562297896,1.06672689194364
"Clint O Connor",0.870315005853693,0.0990748313764477
"Stephen Kelly",0.869248161959643,-4.15738942891277
"Celluloid Liberation Front",0.867367522794355,0.460587380192258
"Lucy Popescu",0.861676317129765,0.235013281219544
"Nick McCarthy",0.860559209587134,-1.02053830867112
"Lindsey Bahr",0.857992356818169,0.756595390810113
"Drew Taylor",0.856569091713736,0.559848374873873
"Ben Kenigsberg",0.855613619978899,-4.48394038359921
"Helen T. Verongos",0.853333401936621,-1.11305524757035
"Amy Nicholson",0.85313710609096,-4.01595141071753
"Thomas Lee",0.849855923011756,-1.90454617734378
"Helen O'Hara",0.848789832348062,-1.04155864976436
"Sterlin Johnson",0.846765191758901,3.11280005027561
"Monica Castillo",0.845178436305926,-1.35431458093967
"Gary Garrison",0.838489348685771,-2.36300647558314
"Josh Modell",0.835941594705038,-1.2327561091434
"Matt Donato",0.835711393768547,-0.380661284133513
"Jesse Hassenger",0.83136108821342,-3.84997671502159
"Lara Zarum",0.828850898829812,1.5431168560814
"Joe Williams",0.828245407942293,-0.779221711788058
"Casey Cipriani",0.826273478762808,0.228230272203037
"Joe McGovern",0.825384820983509,1.71174932635778
"Steve Rose",0.815270602199803,0.301341075855576
"Nev Pierce",0.815102431448977,-0.269640416091212
"Peter Rainer",0.81294119151391,2.32448813952911
"Lisa Nesselson",0.811545257881504,-0.312347180444612
"Luke Buckmaster",0.811389359365092,1.74422356639544
"Greg Cwik",0.809817682044076,-2.06218980610434
"James Dyer",0.80162035045701,-1.01214398700562
"Gregory Ellwood",0.799729709276935,-1.32288773090991
"Cath Clarke",0.798669661301069,-4.40309828145084
"Kerry Lengel",0.796352975904929,0.0310892433777811
"Kyle Anderson",0.794115045561605,2.4245198143292
"Katie Rife",0.792648145320043,-1.99996931840318
"Christopher Gray",0.785535658943185,-0.0920171889385205
"Lawrence Toppman",0.784795990026333,-0.170451238017612
"Clarence Tsui",0.777696996116024,2.53269045213337
"Kim Newman",0.775364982820465,1.98726930117753
"John Hazelton",0.773488947162334,-2.35671387448705
"Barbara VanDenburgh",0.77190982265368,-6.3901036976145
"Tricia Olszewski",0.77173353522262,0.200468231506419
"Bobby LePire",0.76358025774819,0.135504256583
"Patrick Gamble",0.763376455037484,4.31138348566401
"",0.759830416176084,-3.19427271167397
"Serena Donadoni",0.754396691429916,-3.23567605081296
"Charles Solomon",0.753599558271975,-1.02954735853492
"Randy Cordova",0.752411210222336,-3.45042029570085
"Jenni Miller",0.750575762816834,1.53855810283799
"Joe Walsh",0.749991392312608,0.0228577281056712
"Oktay Ege Kozak",0.741899312833718,-3.33064427387768
"Calvin Wilson",0.725528216278692,2.04301387185062
"Tim Grierson",0.725393941498822,0.991278863182229
"Steve Persall",0.72382162990345,-2.6050580900336
"Staff [Not Credited]",0.715907860095422,2.34587770981164
"Mike Scott",0.714391960391044,4.03376259073844
"Matt Fagerholm",0.713940493405614,-1.4097369044289
"Michael Ordona",0.71377373006985,0.0491569200592877
"Rodrigo Perez",0.712996628745223,4.6351649780711
"Carson Lund",0.711170603870538,-2.04719148384187
"Marc Mohan",0.686494134607049,4.45100020422709
"James Mottram",0.674579113442902,-1.12552766274028
"Kimber Myers",0.674560026233194,-3.47535847259712
"Neil Smith",0.667388014040582,-3.05896158682489
"Walter Addiego",0.660606501914128,2.92984543876826
"Katie Walsh",0.64543379320616,0.966251308605137
"Ben Nicholson",0.636999486578767,0.708908281032612
"Soren Andersen",0.622271644606607,1.8196448121738
"Tirdad Derakhshani",0.620360478695364,-4.34790403176964
"James Lattimer",0.619304230006752,3.14954781346262
"Bill Zwecker",0.616801647461204,-1.80393915699212
"Katharine Pushkar",0.60160913189615,-0.0231785354016914
"Rex Reed",0.598787689918369,-7.25352217308749
"Dave Calhoun",0.590829941676085,0.492618000218619
"Matthew Kassel",0.579499672803608,-1.40484230708955
"Nick Allen",0.572650290191719,-1.89466936309047
"Jessica Kiang",0.564712715582517,5.19317141332601
"Alan Zilberman",0.558431466047575,0.601888731426288
"James Berardinelli",0.54590075760779,-7.61142561325771
"Steven Rea",0.518365898290335,-0.588573525954469
"Graham Fuller",0.514688196992924,-3.68999989664845
